Exercise,Model,LV slope,LV intercept,model intercept
SM,OLS,0.40841262926157706,1.1444111419912637,-7.863213862054039
SM,Lasso,0.40841262926157706,1.1444111419912637,-7.863213862054039
FW,OLS,0.3767221136157253,1.0509735976329702,2.246434456060655
FW,Lasso,0.3767221136157253,1.0509735976329702,2.246434456060655
